{"ind": ["P002", "P004", "P005", "P006", "P007", "P009", "P010", "P011", "P012", "P013", "P015", "P016", "P017", "P018", "P019", "P020", "P021", "P022", "P023", "P024", "P025", "P026", "P027", "P028", "P029", "P030", "P031", "P032", "P033", "P034", "P035", "P036", "P037", "P038", "P039", "P040", "P041", "P042", "P043", "P044", "P045", "P046", "P047", "P048", "P049", "P050", "P051", "P052", "P053", "P054", "P055", "P056", "P057", "P058", "P059", "P060", "P061", "P062", "P063", "P064", "P066", "P067", "P068", "P069", "P070", "P071", "P072", "P073", "P074", "P075", "P076", "P077", "P078", "P079", "P080", "P081", "P082", "P083", "P084", "P085", "P086", "P087", "P088", "P089", "P090", "P091", "P092", "P093", "P094", "P095", "P096", "P097", "P098", "P099", "P100", "P101", "P102", "P103", "P104", "P109", "P110", "P111", "P112"], "vars": ["CLD5", "DEFI6", "SDPR", "MYO1C", "PLSI"], "corr": [[0.0, NaN, 0.7045644890949238, 0.73601862925462, NaN], [NaN, 0.0, -0.5470658759705052, NaN, NaN], [0.7045644890949238, -0.5470658759705052, 0.0, 0.7950638624691256, NaN], [0.73601862925462, NaN, 0.7950638624691256, 0.0, NaN], [NaN, NaN, NaN, NaN, 0.0]], "dat": [[0.207, 0.237, 0.42100000000000004, 0.237, 0.28300000000000003, 0.214, 0.20600000000000002, 0.305, 0.37, 0.659, 0.28600000000000003, 0.418, 0.332, 0.28300000000000003, 0.424, 0.196, 0.48, 0.126, 0.31, 0.177, 0.47, 0.409, 0.39799999999999996, 0.355, 0.597, 0.47100000000000003, 0.5710000000000001, 0.366, 0.271, 0.465, 0.785, 0.312, 0.44, 0.579, 0.521, 0.526, 0.461, 0.515, 0.465, 0.429, 0.228, 0.317, 0.226, 0.523, 0.318, 0.321, 0.245, 0.57, 0.248, 0.107, 0.35100000000000003, 0.21100000000000002, 0.10400000000000001, 0.599, 0.113, 0.301, 0.9840000000000001, 0.322, 0.33799999999999997, 0.32, 0.6759999999999999, 0.6579999999999999, 0.612, 5.587999999999999, 0.205, 0.222, 0.124, 0.545, 0.7090000000000001, 0.29100000000000004, 0.51, 0.267, 0.228, 0.75, 0.47, 0.38799999999999996, 0.318, 1.45, 0.484, 0.364, 0.19, 0.21600000000000003, 0.23800000000000002, 0.256, 0.254, 0.43799999999999994, 0.253, 0.281, 0.349, 0.295, 0.455, 0.142, 0.102, 0.10099999999999999, 0.309, 0.183, 0.175, 0.187, 0.293, 0.23199999999999998, 0.12300000000000001, 0.182, 0.363], [1.7990000000000002, 2.9360000000000004, 2.287, 2.399, 0.909, 2.4930000000000003, 2.762, 1.817, 2.269, 3.324, 3.262, 1.8359999999999999, 2.285, 1.756, 1.6030000000000002, 1.788, 1.986, 2.944, 2.213, 2.305, 1.818, 2.637, 1.8969999999999998, 2.63, 2.475, 2.502, 2.427, 1.7830000000000001, 3.11, 3.7060000000000004, 0.833, 1.814, 3.141, 1.535, 2.928, 1.839, 1.86, 1.899, 2.323, 2.4130000000000003, 2.533, 1.228, 1.995, 2.738, 1.916, 1.452, 2.803, 1.849, 2.679, 3.037, 1.605, 4.086, 2.86, 3.159, 3.469, 2.5580000000000003, 2.2030000000000003, 1.7919999999999998, 2.6189999999999998, 1.889, 0.961, 1.952, 1.455, 0.433, 1.69, 1.966, 2.741, 2.693, 1.9909999999999999, 2.186, 2.258, 4.185, 2.134, 1.0659999999999998, 1.649, 3.623, 1.7630000000000001, 0.736, 1.839, 2.557, 3.133, 2.1919999999999997, 2.327, 1.505, 2.315, 2.122, 2.935, 1.6269999999999998, 1.9380000000000002, 2.867, 1.7730000000000001, 3.0639999999999996, 2.148, 3.108, 1.9869999999999999, 3.8680000000000003, 3.484, 1.93, 2.217, 5.374, 3.365, 2.553, 1.85], [0.214, 0.27899999999999997, 0.503, 0.29, 0.374, 0.25, 0.235, 0.2, 0.266, 0.29600000000000004, 0.27, 0.341, 0.25, 0.36200000000000004, 0.5379999999999999, 0.332, 0.465, 0.267, 0.349, 0.381, 0.382, 0.226, 0.292, 0.36700000000000005, 0.35100000000000003, 0.301, 0.624, 0.36, 0.39, 0.456, 0.6559999999999999, 0.529, 0.439, 0.5710000000000001, 0.278, 0.29100000000000004, 0.324, 0.23600000000000002, 0.371, 0.284, 0.213, 0.321, 0.258, 0.522, 0.32799999999999996, 0.5, 0.293, 0.612, 0.21100000000000002, 0.165, 0.36, 0.267, 0.271, 0.501, 0.222, 0.48100000000000004, 1.0, 0.33299999999999996, 0.318, 0.344, 0.402, 0.41100000000000003, 0.53, 2.745, 0.263, 0.313, 0.254, 0.252, 0.41200000000000003, 0.215, 0.355, 0.174, 0.284, 0.7440000000000001, 0.583, 0.21100000000000002, 0.29600000000000004, 1.3430000000000002, 0.496, 0.48200000000000004, 0.22, 0.268, 0.228, 0.451, 0.305, 0.505, 0.518, 0.315, 0.34600000000000003, 0.444, 0.358, 0.157, 0.17800000000000002, 0.245, 0.613, 0.185, 0.187, 0.364, 0.313, 0.325, 0.17300000000000001, 0.461, 0.33799999999999997], [0.252, 0.27699999999999997, 0.496, 0.38799999999999996, 0.377, 0.475, 0.366, 0.447, 0.45299999999999996, 0.42100000000000004, 0.368, 0.429, 0.34, 0.542, 0.5820000000000001, 0.48200000000000004, 0.688, 0.311, 0.43200000000000005, 0.45799999999999996, 0.615, 0.35200000000000004, 0.457, 0.488, 0.502, 0.495, 0.483, 0.489, 0.507, 0.501, 0.6729999999999999, 0.488, 0.368, 0.7040000000000001, 0.337, 0.319, 0.44, 0.373, 0.435, 0.409, 0.272, 0.298, 0.23199999999999998, 0.532, 0.35, 0.358, 0.245, 0.53, 0.353, 0.24, 0.536, 0.424, 0.319, 0.494, 0.233, 0.449, 1.0590000000000002, 0.35, 0.319, 0.467, 0.6, 0.38, 0.46399999999999997, 2.9589999999999996, 0.39299999999999996, 0.376, 0.273, 0.345, 0.617, 0.384, 0.375, 0.25, 0.353, 0.846, 0.69, 0.293, 0.386, 1.4980000000000002, 0.606, 0.365, 0.244, 0.344, 0.33799999999999997, 0.604, 0.332, 0.74, 0.469, 0.42200000000000004, 0.40299999999999997, 0.436, 0.386, 0.313, 0.204, 0.316, 0.45299999999999996, 0.23399999999999999, 0.205, 0.35600000000000004, 0.22699999999999998, 0.36200000000000004, 0.198, 0.29, 0.44799999999999995], [2.634, 1.995, 1.565, 4.485, 2.353, 3.158, 2.351, 1.66, 3.185, 1.996, 2.627, 2.302, 3.29, 3.031, 2.394, 2.682, 3.105, 3.11, 2.8360000000000003, 3.543, 3.11, 2.8810000000000002, 1.834, 2.488, 1.743, 1.8119999999999998, 2.741, 2.372, 4.282, 4.317, 1.939, 2.6180000000000003, 2.6639999999999997, 1.3359999999999999, 3.1430000000000002, 3.3989999999999996, 3.075, 1.847, 2.715, 2.398, 4.297, 1.956, 1.133, 1.022, 1.3, 1.7530000000000001, 2.226, 1.255, 2.449, 2.454, 1.234, 3.34, 2.532, 1.804, 2.7460000000000004, 3.3089999999999997, 3.175, 3.281, 1.507, 2.1, 4.119, 1.879, 1.5119999999999998, 0.348, 1.6740000000000002, 2.778, 2.261, 4.169, 2.201, 2.595, 2.6430000000000002, 2.549, 2.306, 2.508, 1.558, 3.261, 2.9760000000000004, 1.065, 1.926, 2.841, 3.338, 7.414, 2.509, 2.227, 5.402, 1.786, 1.946, 3.367, 1.7790000000000001, 3.8110000000000004, 1.494, 3.2310000000000003, 3.801, 3.717, 3.029, 4.018, 3.458, 2.437, 5.3020000000000005, 3.425, 3.763, 3.346, 2.0340000000000003]]}